﻿Series Name,Series Code,Country Name,Country Code,1990 [YR1990],2000 [YR2000],2012 [YR2012],2013 [YR2013],2014 [YR2014],2015 [YR2015],2016 [YR2016],2017 [YR2017],2018 [YR2018],2019 [YR2019],2020 [YR2020],2021 [YR2021]
"Mortality rate, under-5 (per 1,000 live births)",SH.DYN.MORT,Afghanistan,AFG,178.4,129.2,80.3,76.9,73.6,70.4,67.5,64.8,62.3,60.1,58,..
"Mortality rate, under-5 (per 1,000 live births)",SH.DYN.MORT,Albania,ALB,41,27.2,11.2,10.4,9.9,9.6,9.4,9.4,9.5,9.7,9.8,..
"Mortality rate, under-5 (per 1,000 live births)",SH.DYN.MORT,Algeria,DZA,49.1,39.7,26.2,25.8,25.5,25.2,24.8,24.3,23.8,23.3,22.7,..
"Mortality rate, under-5 (per 1,000 live births)",SH.DYN.MORT,American Samoa,ASM,..,..,..,..,..,..,..,..,..,..,..,..
"Mortality rate, under-5 (per 1,000 live births)",SH.DYN.MORT,Andorra,AND,15.1,8.2,4,3.8,3.5,3.3,3.2,3,2.8,2.7,2.5,..
"Mortality rate, under-5 (per 1,000 live births)",SH.DYN.MORT,Angola,AGO,222.8,204.4,105.1,98.5,92.9,88.1,84.1,80.6,77.3,74.2,71.5,..
"Mortality rate, under-5 (per 1,000 live births)",SH.DYN.MORT,Antigua and Barbuda,ATG,14,15.5,9,8.5,8.1,7.8,7.4,7.1,6.9,6.6,6.4,..
"Mortality rate, under-5 (per 1,000 live births)",SH.DYN.MORT,Argentina,ARG,28.6,19.6,13.3,12.7,12.1,11.5,10.9,10.3,9.7,9.1,8.6,..
"Mortality rate, under-5 (per 1,000 live births)",SH.DYN.MORT,Armenia,ARM,49.1,30.6,16.4,15.6,14.8,14.1,13.4,12.7,12.1,11.5,10.9,..
"Mortality rate, under-5 (per 1,000 live births)",SH.DYN.MORT,Aruba,ABW,..,..,..,..,..,..,..,..,..,..,..,..
"Mortality rate, under-5 (per 1,000 live births)",SH.DYN.MORT,Australia,AUS,9.2,6.2,4.3,4.1,4,3.9,3.8,3.8,3.7,3.7,3.7,..
"Mortality rate, under-5 (per 1,000 live births)",SH.DYN.MORT,Austria,AUT,9.5,5.5,4,3.9,3.8,3.7,3.6,3.6,3.6,3.6,3.6,..
"Mortality rate, under-5 (per 1,000 live births)",SH.DYN.MORT,Azerbaijan,AZE,95,74.4,32.5,30.3,28.2,26.3,24.5,22.8,21.5,20.4,19.4,..
"Mortality rate, under-5 (per 1,000 live births)",SH.DYN.MORT,"Bahamas, The",BHS,23.5,16.3,14.9,14.6,14.3,14,13.7,13.3,13,22.4,12.3,..
"Mortality rate, under-5 (per 1,000 live births)",SH.DYN.MORT,Bahrain,BHR,23,12.5,8,7.8,7.7,7.6,7.5,7.3,7.1,7,6.8,..
"Mortality rate, under-5 (per 1,000 live births)",SH.DYN.MORT,Bangladesh,BGD,146.1,86,44.4,42.2,40.1,38.1,36.1,34.2,32.4,30.7,29.1,..
"Mortality rate, under-5 (per 1,000 live births)",SH.DYN.MORT,Barbados,BRB,18.1,15.1,14.7,14.6,14.3,14,13.7,13.4,13,12.6,12.2,..
"Mortality rate, under-5 (per 1,000 live births)",SH.DYN.MORT,Belarus,BLR,15.2,12.7,4.9,4.6,4.3,4.1,3.9,3.6,3.4,3.1,2.9,..
"Mortality rate, under-5 (per 1,000 live births)",SH.DYN.MORT,Belgium,BEL,10,5.8,4.3,4.2,4.1,4.1,4.1,4.1,4.2,4.2,4.2,..
"Mortality rate, under-5 (per 1,000 live births)",SH.DYN.MORT,Belize,BLZ,38.4,23.6,17.7,16.9,16.1,15.3,14.5,13.7,12.9,12.3,11.7,..
"Mortality rate, under-5 (per 1,000 live births)",SH.DYN.MORT,Benin,BEN,172.9,136.8,104.4,102.1,99.8,97.6,95.4,93.2,90.9,88.4,85.9,..
"Mortality rate, under-5 (per 1,000 live births)",SH.DYN.MORT,Bermuda,BMU,..,..,..,..,..,..,..,..,..,..,..,..
"Mortality rate, under-5 (per 1,000 live births)",SH.DYN.MORT,Bhutan,BTN,127.4,77.2,38,36.2,34.6,33.1,31.9,30.7,29.6,28.6,27.6,..
"Mortality rate, under-5 (per 1,000 live births)",SH.DYN.MORT,Bolivia,BOL,121.7,75.6,37,34.9,33,31.3,29.9,28.6,27.4,26.3,25.4,..
"Mortality rate, under-5 (per 1,000 live births)",SH.DYN.MORT,Bosnia and Herzegovina,BIH,18.1,9.9,6.7,6.5,6.4,6.3,6.2,6.1,6,5.9,5.7,..
"Mortality rate, under-5 (per 1,000 live births)",SH.DYN.MORT,Botswana,BWA,48.9,80.5,50.8,49.6,50.2,49.7,49.2,47.8,47,45.9,44.8,..
"Mortality rate, under-5 (per 1,000 live births)",SH.DYN.MORT,Brazil,BRA,63.1,34.7,17.2,16.7,16.3,15.9,16.7,15.4,15.2,14.9,14.7,..
"Mortality rate, under-5 (per 1,000 live births)",SH.DYN.MORT,British Virgin Islands,VGB,..,..,..,..,..,..,..,..,..,..,..,..
"Mortality rate, under-5 (per 1,000 live births)",SH.DYN.MORT,Brunei Darussalam,BRN,13.3,10.3,10,10.2,10.4,10.6,10.8,11,11.2,11.4,11.5,..
"Mortality rate, under-5 (per 1,000 live births)",SH.DYN.MORT,Bulgaria,BGR,18.4,17.5,9.8,9.3,8.7,8.2,7.7,7.3,7,6.6,6.1,..
"Mortality rate, under-5 (per 1,000 live births)",SH.DYN.MORT,Burkina Faso,BFA,199.1,178.9,112.5,108.3,104.5,100.9,97.5,94.1,90.8,87.8,85,..
"Mortality rate, under-5 (per 1,000 live births)",SH.DYN.MORT,Burundi,BDI,170.1,154.5,80.3,75.5,71.3,67.6,64.4,61.5,59,56.6,54.4,..
"Mortality rate, under-5 (per 1,000 live births)",SH.DYN.MORT,Cabo Verde,CPV,60.3,38.1,24,22.5,21,19.5,18.1,16.8,15.8,14.9,14.2,..
"Mortality rate, under-5 (per 1,000 live births)",SH.DYN.MORT,Cambodia,KHM,116.4,106.3,37.7,35.3,33.4,31.8,30.3,29,27.7,26.6,25.7,..
"Mortality rate, under-5 (per 1,000 live births)",SH.DYN.MORT,Cameroon,CMR,136.3,143.9,101.3,96.7,92.4,88,84.2,80.6,77.3,74.7,72.2,..
"Mortality rate, under-5 (per 1,000 live births)",SH.DYN.MORT,Canada,CAN,8.2,6.2,5.6,5.5,5.4,5.4,5.3,5.2,5.1,5.1,5,..
"Mortality rate, under-5 (per 1,000 live births)",SH.DYN.MORT,Cayman Islands,CYM,..,..,..,..,..,..,..,..,..,..,..,..
"Mortality rate, under-5 (per 1,000 live births)",SH.DYN.MORT,Central African Republic,CAF,176.7,168.9,136.2,132.5,128.2,123.3,118.2,114.5,111.1,106.6,103,..
"Mortality rate, under-5 (per 1,000 live births)",SH.DYN.MORT,Chad,TCD,212.1,184,139.8,135.9,132.3,128.7,124.9,121.1,117.3,113.5,110,..
"Mortality rate, under-5 (per 1,000 live births)",SH.DYN.MORT,Channel Islands,CHI,..,..,..,..,..,..,..,..,..,..,..,..
"Mortality rate, under-5 (per 1,000 live births)",SH.DYN.MORT,Chile,CHL,19.1,10.9,8.4,8.3,8.1,7.9,7.7,7.4,7.2,7,6.8,..
"Mortality rate, under-5 (per 1,000 live births)",SH.DYN.MORT,China,CHN,53.7,36.7,13.5,12.5,11.6,10.7,9.9,9.2,8.5,7.9,7.3,..
"Mortality rate, under-5 (per 1,000 live births)",SH.DYN.MORT,Colombia,COL,35.6,25.1,17.1,16.6,16,15.5,15,14.6,14.1,13.6,13.2,..
"Mortality rate, under-5 (per 1,000 live births)",SH.DYN.MORT,Comoros,COM,124.9,100.6,79.4,76.9,74.7,72.3,70.1,67.9,65.7,63.5,61.3,..
"Mortality rate, under-5 (per 1,000 live births)",SH.DYN.MORT,"Congo, Dem. Rep.",COD,185.7,159.3,106.1,102.5,99.2,95.9,92.8,89.6,86.6,83.8,81.2,..
"Mortality rate, under-5 (per 1,000 live births)",SH.DYN.MORT,"Congo, Rep.",COG,91.3,114.1,57.9,56.2,54.4,52.6,50.8,49.1,47.6,52.5,44.6,..
"Mortality rate, under-5 (per 1,000 live births)",SH.DYN.MORT,Costa Rica,CRI,16.8,13.1,9.9,9.6,9.3,9.1,8.9,8.7,8.4,8.2,7.9,..
"Mortality rate, under-5 (per 1,000 live births)",SH.DYN.MORT,Cote d'Ivoire,CIV,152.8,143.3,100.1,97,93.6,90.8,88.4,86,83.2,80.3,77.9,..
"Mortality rate, under-5 (per 1,000 live births)",SH.DYN.MORT,Croatia,HRV,12.9,8.3,5.2,5.1,5,4.9,4.8,4.8,4.7,4.6,4.6,..
"Mortality rate, under-5 (per 1,000 live births)",SH.DYN.MORT,Cuba,CUB,13.6,8.8,6.1,5.9,5.8,5.7,5.5,5.4,5.3,5.2,5.1,..
"Mortality rate, under-5 (per 1,000 live births)",SH.DYN.MORT,Curacao,CUW,..,..,..,..,..,..,..,..,..,..,..,..
"Mortality rate, under-5 (per 1,000 live births)",SH.DYN.MORT,Cyprus,CYP,11.2,6.5,3.1,3,2.9,2.9,2.9,2.8,2.8,2.8,2.8,..
"Mortality rate, under-5 (per 1,000 live births)",SH.DYN.MORT,Czech Republic,CZE,12.1,5.5,3.2,3.1,3.1,3.2,3.2,3.2,3.1,3,2.9,..
"Mortality rate, under-5 (per 1,000 live births)",SH.DYN.MORT,Denmark,DNK,9,5.7,4.1,4.1,4.1,4.1,4.1,4,3.9,3.7,3.6,..
"Mortality rate, under-5 (per 1,000 live births)",SH.DYN.MORT,Djibouti,DJI,118.2,101,72.2,70.1,68,65.8,63.8,61.8,59.7,57.8,55.9,..
"Mortality rate, under-5 (per 1,000 live births)",SH.DYN.MORT,Dominica,DMA,16.4,16.9,27.1,28.4,29.8,31.1,32.4,33.5,34.4,35,35.4,..
"Mortality rate, under-5 (per 1,000 live births)",SH.DYN.MORT,Dominican Republic,DOM,59.5,40,35,35,35,35,35,34.9,34.8,34.4,33.8,..
"Mortality rate, under-5 (per 1,000 live births)",SH.DYN.MORT,Ecuador,ECU,54.1,29.5,17.3,16.6,15.9,15.4,14.8,14.4,13.9,13.4,13,..
"Mortality rate, under-5 (per 1,000 live births)",SH.DYN.MORT,"Egypt, Arab Rep.",EGY,85.6,46.6,26.3,25.3,24.3,23.3,22.5,21.7,20.9,20.1,19.5,..
"Mortality rate, under-5 (per 1,000 live births)",SH.DYN.MORT,El Salvador,SLV,60,33.2,17.6,16.8,16.1,15.5,14.9,14.3,13.8,13.3,12.9,..
"Mortality rate, under-5 (per 1,000 live births)",SH.DYN.MORT,Equatorial Guinea,GNQ,178,155.7,103.6,100.2,96.8,93.2,90,86.9,83.9,81.2,78.5,..
"Mortality rate, under-5 (per 1,000 live births)",SH.DYN.MORT,Eritrea,ERI,153,85.2,51.2,49.5,47.9,46.3,44.8,43.3,41.9,40.6,39.3,..
"Mortality rate, under-5 (per 1,000 live births)",SH.DYN.MORT,Estonia,EST,17.6,10.9,3.9,3.6,3.3,3.1,2.8,2.6,2.4,2.3,2.1,..
"Mortality rate, under-5 (per 1,000 live births)",SH.DYN.MORT,Eswatini,SWZ,67.4,112.2,66,62.5,62.4,57.2,55.6,57.9,52.2,48,46.6,..
"Mortality rate, under-5 (per 1,000 live births)",SH.DYN.MORT,Ethiopia,ETH,201.3,140.7,73.5,69.6,65.9,62.4,59,55.9,53.2,50.8,48.7,..
"Mortality rate, under-5 (per 1,000 live births)",SH.DYN.MORT,Faroe Islands,FRO,..,..,..,..,..,..,..,..,..,..,..,..
"Mortality rate, under-5 (per 1,000 live births)",SH.DYN.MORT,Fiji,FJI,29,22.4,23.5,23.7,23.9,24.4,24.9,25.5,26.2,26.9,27.4,..
"Mortality rate, under-5 (per 1,000 live births)",SH.DYN.MORT,Finland,FIN,6.7,4.3,2.8,2.7,2.6,2.5,2.4,2.4,2.4,2.3,2.3,..
"Mortality rate, under-5 (per 1,000 live births)",SH.DYN.MORT,France,FRA,9,5.4,4.1,4.1,4.1,4.2,4.2,4.3,4.3,4.3,4.4,..
"Mortality rate, under-5 (per 1,000 live births)",SH.DYN.MORT,French Polynesia,PYF,..,..,..,..,..,..,..,..,..,..,..,..
"Mortality rate, under-5 (per 1,000 live births)",SH.DYN.MORT,Gabon,GAB,92.5,82.9,57.1,54.9,52.8,50.3,47.4,45.5,44.1,43,41.7,..
"Mortality rate, under-5 (per 1,000 live births)",SH.DYN.MORT,"Gambia, The",GMB,166.3,113.4,67.7,65,62.4,59.8,57.4,55.1,53.1,51.2,49.4,..
"Mortality rate, under-5 (per 1,000 live births)",SH.DYN.MORT,Georgia,GEO,47.9,36.6,12.1,11.4,10.9,10.5,10.2,9.9,9.7,9.5,9.3,..
"Mortality rate, under-5 (per 1,000 live births)",SH.DYN.MORT,Germany,DEU,8.5,5.4,4,4,4,3.9,3.9,3.9,3.8,3.7,3.7,..
"Mortality rate, under-5 (per 1,000 live births)",SH.DYN.MORT,Ghana,GHA,127.4,99.7,62.7,59.8,57.1,54.6,52.2,50.1,48.1,46.4,44.7,..
"Mortality rate, under-5 (per 1,000 live births)",SH.DYN.MORT,Gibraltar,GIB,..,..,..,..,..,..,..,..,..,..,..,..
"Mortality rate, under-5 (per 1,000 live births)",SH.DYN.MORT,Greece,GRC,10.4,6.4,4,4.1,4.3,4.4,4.4,4.3,4.2,4.2,4.1,..
"Mortality rate, under-5 (per 1,000 live births)",SH.DYN.MORT,Greenland,GRL,..,..,..,..,..,..,..,..,..,..,..,..
"Mortality rate, under-5 (per 1,000 live births)",SH.DYN.MORT,Grenada,GRD,22.4,15.5,15.5,15.8,16,16.2,16.4,16.6,16.6,16.5,16.4,..
"Mortality rate, under-5 (per 1,000 live births)",SH.DYN.MORT,Guam,GUM,..,..,..,..,..,..,..,..,..,..,..,..
"Mortality rate, under-5 (per 1,000 live births)",SH.DYN.MORT,Guatemala,GTM,80.4,52.1,32,30.7,29.5,28.3,27.3,26.4,25.4,24.5,23.6,..
"Mortality rate, under-5 (per 1,000 live births)",SH.DYN.MORT,Guinea,GIN,231.8,164.2,113,110.7,109.2,107.3,104.6,102.6,100.4,98,95.6,..
"Mortality rate, under-5 (per 1,000 live births)",SH.DYN.MORT,Guinea-Bissau,GNB,222.3,173.8,104.2,99.7,95.7,92.1,88.7,85.5,82.5,79.6,76.8,..
"Mortality rate, under-5 (per 1,000 live births)",SH.DYN.MORT,Guyana,GUY,60.6,46.4,35.9,35,34.1,33.1,32.1,31.2,30.2,29.3,28.4,..
"Mortality rate, under-5 (per 1,000 live births)",SH.DYN.MORT,Haiti,HTI,145.2,103.9,75.6,73.7,71.9,69.9,67.9,66,64.1,62.2,60.5,..
"Mortality rate, under-5 (per 1,000 live births)",SH.DYN.MORT,Honduras,HND,58.2,37,21.5,20.7,20,19.2,18.6,18,17.4,16.8,16.2,..
"Mortality rate, under-5 (per 1,000 live births)",SH.DYN.MORT,"Hong Kong SAR, China",HKG,..,..,..,..,..,..,..,..,..,..,..,..
"Mortality rate, under-5 (per 1,000 live births)",SH.DYN.MORT,Hungary,HUN,17.2,10.1,5.7,5.6,5.4,5.1,4.7,4.4,4.2,4.1,4,..
"Mortality rate, under-5 (per 1,000 live births)",SH.DYN.MORT,Iceland,ISL,6.5,4.1,2.5,2.4,2.4,2.3,2.2,2.1,2.1,2,1.9,..
"Mortality rate, under-5 (per 1,000 live births)",SH.DYN.MORT,India,IND,126.2,91.7,52,49,46.2,43.5,41,38.6,36.3,34.4,32.6,..
"Mortality rate, under-5 (per 1,000 live births)",SH.DYN.MORT,Indonesia,IDN,84,52.2,31.2,30,28.8,27.7,26.6,25.6,24.6,23.8,23,..
"Mortality rate, under-5 (per 1,000 live births)",SH.DYN.MORT,"Iran, Islamic Rep.",IRN,57.5,36.2,17.5,16.8,16.1,15.5,14.9,14.4,13.9,13.4,12.9,..
"Mortality rate, under-5 (per 1,000 live births)",SH.DYN.MORT,Iraq,IRQ,54.1,44.5,32.8,31.7,30.7,29.7,28.8,27.9,27,26.1,25.2,..
"Mortality rate, under-5 (per 1,000 live births)",SH.DYN.MORT,Ireland,IRL,9.2,7.1,4,3.9,3.8,3.7,3.6,3.4,3.3,3.2,3,..
"Mortality rate, under-5 (per 1,000 live births)",SH.DYN.MORT,Isle of Man,IMN,..,..,..,..,..,..,..,..,..,..,..,..
"Mortality rate, under-5 (per 1,000 live births)",SH.DYN.MORT,Israel,ISR,11.6,6.9,4.3,4.1,4,3.9,3.8,3.8,3.7,3.6,3.6,..
"Mortality rate, under-5 (per 1,000 live births)",SH.DYN.MORT,Italy,ITA,9.7,5.6,3.8,3.7,3.6,3.5,3.4,3.3,3.2,3,2.9,..
"Mortality rate, under-5 (per 1,000 live births)",SH.DYN.MORT,Jamaica,JAM,30.4,22.2,17,16.5,16,15.5,15.1,14.6,14.2,13.7,13.3,..
"Mortality rate, under-5 (per 1,000 live births)",SH.DYN.MORT,Japan,JPN,6.3,4.5,3,2.9,2.8,2.7,2.7,2.6,2.6,2.5,2.5,..
"Mortality rate, under-5 (per 1,000 live births)",SH.DYN.MORT,Jordan,JOR,36,26.8,19,18.4,17.9,17.5,17,16.4,16,15.5,15,..
"Mortality rate, under-5 (per 1,000 live births)",SH.DYN.MORT,Kazakhstan,KAZ,51.9,42.5,16.3,14.6,13,11.9,11,10.5,10.3,10.1,10,..
"Mortality rate, under-5 (per 1,000 live births)",SH.DYN.MORT,Kenya,KEN,101.5,98.5,54.1,52.3,50.6,48.9,47.2,45.9,44.3,43,41.9,..
"Mortality rate, under-5 (per 1,000 live births)",SH.DYN.MORT,Kiribati,KIR,91.8,68.1,62.1,60.8,59.2,57.6,56,54.5,52.8,51.2,49.6,..
"Mortality rate, under-5 (per 1,000 live births)",SH.DYN.MORT,"Korea, Dem. People's Rep.",PRK,43.4,60,25.7,24,22.4,21.1,20,19,18.2,17.3,16.5,..
"Mortality rate, under-5 (per 1,000 live births)",SH.DYN.MORT,"Korea, Rep.",KOR,15.6,7.5,3.8,3.7,3.6,3.5,3.4,3.3,3.2,3.1,3,..
"Mortality rate, under-5 (per 1,000 live births)",SH.DYN.MORT,Kosovo,XKX,..,..,..,..,..,..,..,..,..,..,..,..
"Mortality rate, under-5 (per 1,000 live births)",SH.DYN.MORT,Kuwait,KWT,16.2,12.4,9.6,9.2,8.9,8.8,8.7,8.7,8.7,8.8,8.9,..
"Mortality rate, under-5 (per 1,000 live births)",SH.DYN.MORT,Kyrgyz Republic,KGZ,65.4,49.8,26.1,24.7,23.5,22.3,21.2,20.1,19.2,18.3,17.5,..
"Mortality rate, under-5 (per 1,000 live births)",SH.DYN.MORT,Lao PDR,LAO,153.9,107.2,61.9,59,56.3,53.8,51.5,49.4,47.5,45.7,44.1,..
"Mortality rate, under-5 (per 1,000 live births)",SH.DYN.MORT,Latvia,LVA,17,14.2,6.6,6,5.5,5,4.7,4.4,4.2,4.1,4,..
"Mortality rate, under-5 (per 1,000 live births)",SH.DYN.MORT,Lebanon,LBN,32.4,19.9,9.3,9,8.6,8.3,8,7.7,7.4,7.2,7,..
"Mortality rate, under-5 (per 1,000 live births)",SH.DYN.MORT,Lesotho,LSO,84,106.9,92.7,92.6,94.2,94.6,91.5,91,90.6,90.9,89.5,..
"Mortality rate, under-5 (per 1,000 live births)",SH.DYN.MORT,Liberia,LBR,264.4,189.7,94.2,92,92.1,88.3,86.1,84.3,82.5,80.4,78.3,..
"Mortality rate, under-5 (per 1,000 live births)",SH.DYN.MORT,Libya,LBY,41.9,28.1,15,14.4,13.8,13.3,12.8,12.3,11.9,11.5,11.1,..
"Mortality rate, under-5 (per 1,000 live births)",SH.DYN.MORT,Liechtenstein,LIE,..,..,..,..,..,..,..,..,..,..,..,..
"Mortality rate, under-5 (per 1,000 live births)",SH.DYN.MORT,Lithuania,LTU,15.2,10.7,5.2,5,4.9,4.9,4.8,4.4,4,3.6,3.3,..
"Mortality rate, under-5 (per 1,000 live births)",SH.DYN.MORT,Luxembourg,LUX,8.8,4.5,2.8,2.8,2.8,2.8,2.8,2.8,2.8,2.8,2.8,..
"Mortality rate, under-5 (per 1,000 live births)",SH.DYN.MORT,"Macao SAR, China",MAC,..,..,..,..,..,..,..,..,..,..,..,..
"Mortality rate, under-5 (per 1,000 live births)",SH.DYN.MORT,Madagascar,MDG,156.1,105.4,64.8,62.7,60.8,59,57.2,55.5,53.7,51.9,50.2,..
"Mortality rate, under-5 (per 1,000 live births)",SH.DYN.MORT,Malawi,MWI,245.7,174.6,70.7,63.4,57.6,53.3,49.5,46.2,43.1,40.6,38.6,..
"Mortality rate, under-5 (per 1,000 live births)",SH.DYN.MORT,Malaysia,MYS,16.6,10.2,8,8,8,8.1,8.1,8.3,8.4,8.6,8.6,..
"Mortality rate, under-5 (per 1,000 live births)",SH.DYN.MORT,Maldives,MDV,85.7,39,12.1,11.3,10.5,9.8,9,8.3,7.6,7,6.5,..
"Mortality rate, under-5 (per 1,000 live births)",SH.DYN.MORT,Mali,MLI,230.7,187.4,121,116.6,112.4,108.3,104.5,100.9,97.4,94.2,91,..
"Mortality rate, under-5 (per 1,000 live births)",SH.DYN.MORT,Malta,MLT,11.3,7.8,6.6,6.6,6.6,6.6,6.6,6.6,6.5,6.5,6.5,..
"Mortality rate, under-5 (per 1,000 live births)",SH.DYN.MORT,Marshall Islands,MHL,47.3,42,37.9,37.2,36.3,35.4,34.4,33.5,32.5,31.6,30.7,..
"Mortality rate, under-5 (per 1,000 live births)",SH.DYN.MORT,Mauritania,MRT,117.6,112.5,90.5,87.7,85.1,82.7,80.1,77.7,75.5,73,70.7,..
"Mortality rate, under-5 (per 1,000 live births)",SH.DYN.MORT,Mauritius,MUS,23,18.8,14.9,15,14.8,14.5,14.5,14.9,15.4,16,16.5,..
"Mortality rate, under-5 (per 1,000 live births)",SH.DYN.MORT,Mexico,MEX,45.4,28.4,17.9,17.3,16.8,16.2,15.7,15.2,14.6,14.1,13.7,..
"Mortality rate, under-5 (per 1,000 live births)",SH.DYN.MORT,"Micronesia, Fed. Sts.",FSM,49.1,37.8,31.6,30.7,29.9,28.9,28,27,26.2,25.4,24.7,..
"Mortality rate, under-5 (per 1,000 live births)",SH.DYN.MORT,Moldova,MDA,33.6,31.5,16.5,16.3,16,15.8,15.5,15.3,15,14.8,14.5,..
"Mortality rate, under-5 (per 1,000 live births)",SH.DYN.MORT,Monaco,MCO,7.7,5.2,3.8,3.7,3.6,3.5,3.4,3.3,3.2,3.1,3,..
"Mortality rate, under-5 (per 1,000 live births)",SH.DYN.MORT,Mongolia,MNG,107.4,63.5,22.8,21.5,20.4,19.4,18.5,17.6,16.8,16,15.4,..
"Mortality rate, under-5 (per 1,000 live births)",SH.DYN.MORT,Montenegro,MNE,16.5,14.2,5.5,4.9,4.4,4,3.6,3.2,2.9,2.6,2.4,..
"Mortality rate, under-5 (per 1,000 live births)",SH.DYN.MORT,Morocco,MAR,80.6,52.3,27.8,26.3,24.9,23.5,22.3,21.2,20.3,19.5,18.7,..
"Mortality rate, under-5 (per 1,000 live births)",SH.DYN.MORT,Mozambique,MOZ,244.9,170.4,96.3,92.3,88.4,84,80.4,78,75.6,72.9,70.6,..
"Mortality rate, under-5 (per 1,000 live births)",SH.DYN.MORT,Myanmar,MMR,115.6,89.6,58.6,56.2,54.1,52.2,50.3,48.5,46.8,45.2,43.7,..
"Mortality rate, under-5 (per 1,000 live births)",SH.DYN.MORT,Namibia,NAM,72.7,75.8,50.5,49.1,47.9,47.6,46.3,44.9,43.9,41.9,40.2,..
"Mortality rate, under-5 (per 1,000 live births)",SH.DYN.MORT,Nauru,NRU,67.2,42.6,36,35.1,34.1,33.2,32.3,31.3,30.4,29.5,28.5,..
"Mortality rate, under-5 (per 1,000 live births)",SH.DYN.MORT,Nepal,NPL,138.8,79.1,41.5,39.4,37.4,35.5,33.7,32.1,30.6,29.3,28.2,..
"Mortality rate, under-5 (per 1,000 live births)",SH.DYN.MORT,Netherlands,NLD,8.3,6.2,4.2,4.1,4.1,4,4,4,4.1,4.1,4.2,..
"Mortality rate, under-5 (per 1,000 live births)",SH.DYN.MORT,New Caledonia,NCL,..,..,..,..,..,..,..,..,..,..,..,..
"Mortality rate, under-5 (per 1,000 live births)",SH.DYN.MORT,New Zealand,NZL,11.2,7.4,5.9,5.8,5.7,5.5,5.4,5.2,5,4.9,4.7,..
"Mortality rate, under-5 (per 1,000 live births)",SH.DYN.MORT,Nicaragua,NIC,66.7,38.5,22,21.1,20.2,19.4,18.6,17.9,17.3,16.6,16,..
"Mortality rate, under-5 (per 1,000 live births)",SH.DYN.MORT,Niger,NER,329.6,224.9,108.2,102.7,98,93.8,90.1,86.6,83.5,80.3,77.5,..
"Mortality rate, under-5 (per 1,000 live births)",SH.DYN.MORT,Nigeria,NGA,210,182.9,131.1,129.4,127.9,126.4,124.7,122.5,119.9,116.9,113.8,..
"Mortality rate, under-5 (per 1,000 live births)",SH.DYN.MORT,North Macedonia,MKD,36.9,16,10.1,10.6,11.2,11.4,10.9,9.6,8.1,6.8,5.9,..
"Mortality rate, under-5 (per 1,000 live births)",SH.DYN.MORT,Northern Mariana Islands,MNP,..,..,..,..,..,..,..,..,..,..,..,..
"Mortality rate, under-5 (per 1,000 live births)",SH.DYN.MORT,Norway,NOR,8.7,4.9,3,2.9,2.8,2.7,2.6,2.5,2.4,2.3,2.2,..
"Mortality rate, under-5 (per 1,000 live births)",SH.DYN.MORT,Oman,OMN,39.2,16.5,11.4,11.3,11.2,11.2,11.2,11.2,11.1,11.1,11,..
"Mortality rate, under-5 (per 1,000 live births)",SH.DYN.MORT,Pakistan,PAK,139.7,107.8,82.8,80.6,78.3,76,73.8,71.6,69.5,67.3,65.2,..
"Mortality rate, under-5 (per 1,000 live births)",SH.DYN.MORT,Palau,PLW,35.3,28.5,21.8,21.2,20.4,19.8,19.2,18.6,18,17.4,16.9,..
"Mortality rate, under-5 (per 1,000 live births)",SH.DYN.MORT,Panama,PAN,31.3,26,18.7,18.1,17.6,17,16.4,15.9,15.4,14.8,14.3,..
"Mortality rate, under-5 (per 1,000 live births)",SH.DYN.MORT,Papua New Guinea,PNG,84.9,71.1,55.2,53.8,52.4,51,49.7,48.2,46.8,45.3,43.9,..
"Mortality rate, under-5 (per 1,000 live births)",SH.DYN.MORT,Paraguay,PRY,45.5,33.9,24.6,23.8,23,22.3,21.6,20.9,20.2,19.5,18.9,..
"Mortality rate, under-5 (per 1,000 live births)",SH.DYN.MORT,Peru,PER,80.2,38.2,17.9,17.1,16.4,15.7,15,14.4,13.8,13.3,12.8,..
"Mortality rate, under-5 (per 1,000 live births)",SH.DYN.MORT,Philippines,PHL,56.6,37.7,30.9,30.5,30.1,29.6,29.1,28.5,27.9,27.1,26.4,..
"Mortality rate, under-5 (per 1,000 live births)",SH.DYN.MORT,Poland,POL,17.4,9.3,5.4,5.2,5,4.9,4.7,4.6,4.5,4.4,4.4,..
"Mortality rate, under-5 (per 1,000 live births)",SH.DYN.MORT,Portugal,PRT,14.7,7.2,3.7,3.7,3.6,3.6,3.6,3.6,3.6,3.4,3.3,..
"Mortality rate, under-5 (per 1,000 live births)",SH.DYN.MORT,Puerto Rico,PRI,..,..,..,..,..,..,..,..,..,..,..,..
"Mortality rate, under-5 (per 1,000 live births)",SH.DYN.MORT,Qatar,QAT,20.8,12.5,8.7,8.4,8.1,7.8,7.4,7,6.6,6.1,5.8,..
"Mortality rate, under-5 (per 1,000 live births)",SH.DYN.MORT,Romania,ROU,31.3,21.6,11.2,10.6,9.9,9.2,8.5,7.9,7.4,7.1,6.9,..
"Mortality rate, under-5 (per 1,000 live births)",SH.DYN.MORT,Russian Federation,RUS,21.6,19.3,9.8,9.4,8.9,8.2,7.5,6.9,6.3,5.8,5.4,..
"Mortality rate, under-5 (per 1,000 live births)",SH.DYN.MORT,Rwanda,RWA,150.3,185.2,54.9,52,49.7,47.7,46,44.6,43.4,41.9,40.5,..
"Mortality rate, under-5 (per 1,000 live births)",SH.DYN.MORT,Samoa,WSM,29.9,21.2,19.1,18.9,18.7,18.6,18.4,18.1,17.8,17.4,17,..
"Mortality rate, under-5 (per 1,000 live births)",SH.DYN.MORT,San Marino,SMR,13.9,5.6,2.6,2.4,2.3,2.2,2.1,2,1.9,1.8,1.8,..
"Mortality rate, under-5 (per 1,000 live births)",SH.DYN.MORT,Sao Tome and Principe,STP,108.2,82,30.2,27.7,25.3,23.1,21.2,19.5,18.1,17,16.1,..
"Mortality rate, under-5 (per 1,000 live births)",SH.DYN.MORT,Saudi Arabia,SAU,44.3,22,10.8,10.2,9.6,9.1,8.6,8.1,7.7,7.3,7,..
"Mortality rate, under-5 (per 1,000 live births)",SH.DYN.MORT,Senegal,SEN,138.3,129.5,58.7,55.4,52.3,49.4,46.5,44,41.7,39.7,38.1,..
"Mortality rate, under-5 (per 1,000 live births)",SH.DYN.MORT,Serbia,SRB,28.3,12.6,7.1,6.9,6.6,6.3,6,5.9,5.8,5.7,5.6,..
"Mortality rate, under-5 (per 1,000 live births)",SH.DYN.MORT,Seychelles,SYC,16.3,13.8,14.4,14.5,14.7,14.8,14.8,14.7,14.5,14.3,13.9,..
"Mortality rate, under-5 (per 1,000 live births)",SH.DYN.MORT,Sierra Leone,SLE,259.6,224.9,147.3,141.2,139.2,140.2,125.4,120.7,116.2,111.9,107.8,..
"Mortality rate, under-5 (per 1,000 live births)",SH.DYN.MORT,Singapore,SGP,7.7,3.9,2.8,2.8,2.7,2.7,2.7,2.6,2.5,2.4,2.2,..
"Mortality rate, under-5 (per 1,000 live births)",SH.DYN.MORT,Sint Maarten (Dutch part),SXM,..,..,..,..,..,..,..,..,..,..,..,..
"Mortality rate, under-5 (per 1,000 live births)",SH.DYN.MORT,Slovak Republic,SVK,14.7,9.8,6.6,6.5,6.4,6.2,6.1,6,5.9,5.8,5.8,..
"Mortality rate, under-5 (per 1,000 live births)",SH.DYN.MORT,Slovenia,SVN,10.4,5.5,2.9,2.8,2.7,2.6,2.5,2.4,2.3,2.3,2.2,..
"Mortality rate, under-5 (per 1,000 live births)",SH.DYN.MORT,Solomon Islands,SLB,38.1,30.7,24.9,24.2,23.4,22.7,22,21.4,20.7,20,19.4,..
"Mortality rate, under-5 (per 1,000 live births)",SH.DYN.MORT,Somalia,SOM,180.1,172.7,147.8,143,138.4,134.3,130.3,126.1,122,118.3,114.6,..
"Mortality rate, under-5 (per 1,000 live births)",SH.DYN.MORT,South Africa,ZAF,60.9,71.5,41.5,39.3,37.6,36.3,35.2,34.6,33.9,33,32.2,..
"Mortality rate, under-5 (per 1,000 live births)",SH.DYN.MORT,South Sudan,SSD,250.5,181.2,100,98.3,97.9,97.9,97.9,97.9,97.9,97.9,97.9,..
"Mortality rate, under-5 (per 1,000 live births)",SH.DYN.MORT,Spain,ESP,9.1,5.4,3.6,3.5,3.4,3.3,3.3,3.3,3.3,3.3,3.2,..
"Mortality rate, under-5 (per 1,000 live births)",SH.DYN.MORT,Sri Lanka,LKA,22.8,16.5,10.4,9.8,9.3,8.7,8.2,7.8,7.5,7.2,6.9,..
"Mortality rate, under-5 (per 1,000 live births)",SH.DYN.MORT,St. Kitts and Nevis,KNA,30.4,23.8,17.4,17.3,17.2,16.9,16.6,16.2,15.8,15.4,15,..
"Mortality rate, under-5 (per 1,000 live births)",SH.DYN.MORT,St. Lucia,LCA,21.8,18.4,20.4,20.9,21.4,21.9,22.4,23,23.5,24,24.4,..
"Mortality rate, under-5 (per 1,000 live births)",SH.DYN.MORT,St. Martin (French part),MAF,..,..,..,..,..,..,..,..,..,..,..,..
"Mortality rate, under-5 (per 1,000 live births)",SH.DYN.MORT,St. Vincent and the Grenadines,VCT,23.8,22.2,18.6,18,17.4,16.7,16.2,15.6,15.1,14.6,14.1,..
"Mortality rate, under-5 (per 1,000 live births)",SH.DYN.MORT,Sudan,SDN,131.7,104.3,71.7,69.8,67.9,65.9,63.9,62,60.1,58.4,56.6,..
"Mortality rate, under-5 (per 1,000 live births)",SH.DYN.MORT,Suriname,SUR,45.1,31.2,22,21.4,20.9,20.3,19.8,19.3,18.7,18.1,17.6,..
"Mortality rate, under-5 (per 1,000 live births)",SH.DYN.MORT,Sweden,SWE,7,4.1,3,2.9,2.9,2.9,2.8,2.8,2.7,2.7,2.6,..
"Mortality rate, under-5 (per 1,000 live births)",SH.DYN.MORT,Switzerland,CHE,8.2,5.6,4.4,4.4,4.3,4.3,4.2,4.2,4.1,4,4,..
"Mortality rate, under-5 (per 1,000 live births)",SH.DYN.MORT,Syrian Arab Republic,SYR,36.7,23,37,45.3,47,41.6,39.5,23.5,23.4,22.2,22.4,..
"Mortality rate, under-5 (per 1,000 live births)",SH.DYN.MORT,Tajikistan,TJK,102.3,83.6,40.3,39.4,38.4,37.5,36.5,35.3,34.3,33.3,32.3,..
"Mortality rate, under-5 (per 1,000 live births)",SH.DYN.MORT,Tanzania,TZA,165.6,129.7,65.3,62.7,59.9,58.1,56,54.1,52.1,50.5,48.9,..
"Mortality rate, under-5 (per 1,000 live births)",SH.DYN.MORT,Thailand,THA,37.1,22,12.4,11.8,11.3,10.8,10.3,9.9,9.4,9,8.7,..
"Mortality rate, under-5 (per 1,000 live births)",SH.DYN.MORT,Timor-Leste,TLS,175.2,107.7,56.3,54.2,52.1,50.2,48.4,46.8,45.1,43.7,42.3,..
"Mortality rate, under-5 (per 1,000 live births)",SH.DYN.MORT,Togo,TGO,147.5,119.9,83.5,80.9,78.3,75.9,73.4,71.1,68.8,66.5,64.4,..
"Mortality rate, under-5 (per 1,000 live births)",SH.DYN.MORT,Tonga,TON,22.1,16.9,12.8,12.6,12.5,12.4,12.3,12.1,11.9,11.7,11.4,..
"Mortality rate, under-5 (per 1,000 live births)",SH.DYN.MORT,Trinidad and Tobago,TTO,30.3,27.9,21.2,20.6,19.9,19.3,18.8,18.3,17.7,17.2,16.6,..
"Mortality rate, under-5 (per 1,000 live births)",SH.DYN.MORT,Tunisia,TUN,55.3,29.9,17.7,17.5,17.3,17.2,17.1,17.1,17,16.9,16.6,..
"Mortality rate, under-5 (per 1,000 live births)",SH.DYN.MORT,Turkiye,TUR,74.2,37.9,15.8,14.7,13.8,13,12.1,11.4,10.7,10.1,9.5,..
"Mortality rate, under-5 (per 1,000 live births)",SH.DYN.MORT,Turkmenistan,TKM,79.5,69.7,42,41.9,42,42.2,42.5,42.9,42.8,42.4,41.8,..
"Mortality rate, under-5 (per 1,000 live births)",SH.DYN.MORT,Turks and Caicos Islands,TCA,..,..,..,..,..,..,..,..,..,..,..,..
"Mortality rate, under-5 (per 1,000 live births)",SH.DYN.MORT,Tuvalu,TUV,52.8,42.1,29,27.9,26.9,26,25.1,24.3,23.5,22.7,22,..
"Mortality rate, under-5 (per 1,000 live births)",SH.DYN.MORT,Uganda,UGA,183.1,146.1,66.7,62.3,58.8,55.7,52.4,49.9,47.4,45.3,43.3,..
"Mortality rate, under-5 (per 1,000 live births)",SH.DYN.MORT,Ukraine,UKR,19.3,18.3,10.7,10.2,9.8,9.5,9.2,8.9,8.6,8.4,8.1,..
"Mortality rate, under-5 (per 1,000 live births)",SH.DYN.MORT,United Arab Emirates,ARE,16.5,11.1,8.2,8,7.8,7.6,7.4,7.2,7,6.8,6.6,..
"Mortality rate, under-5 (per 1,000 live births)",SH.DYN.MORT,United Kingdom,GBR,9.3,6.5,4.8,4.7,4.5,4.5,4.4,4.4,4.3,4.3,4.2,..
"Mortality rate, under-5 (per 1,000 live births)",SH.DYN.MORT,United States,USA,11.2,8.4,7.1,7,6.9,6.8,6.7,6.6,6.5,6.4,6.3,..
"Mortality rate, under-5 (per 1,000 live births)",SH.DYN.MORT,Uruguay,URY,22.9,17,10,9.7,9.3,8.9,8.4,7.8,7.3,6.7,6.2,..
"Mortality rate, under-5 (per 1,000 live births)",SH.DYN.MORT,Uzbekistan,UZB,70.6,60.7,24.4,22.5,20.8,19.3,18,16.8,15.8,14.8,13.9,..
"Mortality rate, under-5 (per 1,000 live births)",SH.DYN.MORT,Vanuatu,VUT,35.3,28.5,29.3,29.1,28.8,28.2,27.6,26.9,26.3,25.6,24.9,..
"Mortality rate, under-5 (per 1,000 live births)",SH.DYN.MORT,"Venezuela, RB",VEN,29.5,21.6,17.3,17.6,18,19.1,24.2,24.2,24.2,24.2,24.2,..
"Mortality rate, under-5 (per 1,000 live births)",SH.DYN.MORT,Vietnam,VNM,51.6,29.8,22.4,22.2,22,21.8,21.6,21.4,21.3,21.1,20.9,..
"Mortality rate, under-5 (per 1,000 live births)",SH.DYN.MORT,Virgin Islands (U.S.),VIR,..,..,..,..,..,..,..,..,..,..,..,..
"Mortality rate, under-5 (per 1,000 live births)",SH.DYN.MORT,West Bank and Gaza,PSE,45,30.4,20.8,20.3,19.7,19.2,18.6,18.1,17.5,17,16.5,..
"Mortality rate, under-5 (per 1,000 live births)",SH.DYN.MORT,"Yemen, Rep.",YEM,126.4,95,58.8,58.4,58.7,60.7,60.3,60.2,61.6,61.5,59.6,..
"Mortality rate, under-5 (per 1,000 live births)",SH.DYN.MORT,Zambia,ZMB,181.5,155.9,74.7,71.1,68.3,67.7,65.3,64.6,65.4,64.1,61.4,..
"Mortality rate, under-5 (per 1,000 live births)",SH.DYN.MORT,Zimbabwe,ZWE,78.9,95.5,72.2,66.3,62.7,61.3,58.7,57,54.8,54.2,53.9,..
"Mortality rate, under-5 (per 1,000 live births)",SH.DYN.MORT,Africa Eastern and Southern,AFE,165.801527645629,137.544991422798,78.250070965376,74.8166732540707,71.7949578887273,69.1381574560455,66.5159277529964,64.2439937224214,62.0729363208627,60.0541503808559,58.158649582168,..
"Mortality rate, under-5 (per 1,000 live births)",SH.DYN.MORT,Africa Western and Central,AFW,198.083686688751,169.471114659074,114.997107860762,112.19118986671,109.696286604994,107.291692708028,104.637693991442,102.032086434223,99.2911397363565,96.4942892374437,93.6270232080024,..
"Mortality rate, under-5 (per 1,000 live births)",SH.DYN.MORT,Arab World,ARB,80.9164963903207,60.5594726902869,41.3675544874706,40.605938105973,39.6585746818891,38.6273066323652,37.6817153776212,36.2313741682549,35.6151468297472,34.8857594217507,34.0863989893796,..
"Mortality rate, under-5 (per 1,000 live births)",SH.DYN.MORT,Caribbean small states,CSS,34.9799477252307,26.7366274797943,20.5350879989262,19.9951252624567,19.4366788460397,18.8672686191755,18.3612354682339,17.8226990791133,17.2856824531931,17.2083262390184,16.2405761805236,..
"Mortality rate, under-5 (per 1,000 live births)",SH.DYN.MORT,Central Europe and the Baltics,CEB,19.4815924073691,12.2433214084087,6.62463331854671,6.33276120765012,6.02653521973255,5.76900472147588,5.46362303920028,5.22810085762615,5.0158904902587,4.85105422538055,4.7457192178564,..
"Mortality rate, under-5 (per 1,000 live births)",SH.DYN.MORT,Early-demographic dividend,EAR,109.215760538983,78.8630335203433,46.2818971129366,44.2264257061216,42.2933302231106,40.446948539984,38.7348380043872,36.992630506794,35.4429057735432,34.0454329968691,32.7196737626428,..
"Mortality rate, under-5 (per 1,000 live births)",SH.DYN.MORT,East Asia & Pacific,EAS,56.8,39.4,19.7,18.7,17.8,17,16.3,15.6,14.9,14.3,13.8,..
"Mortality rate, under-5 (per 1,000 live births)",SH.DYN.MORT,East Asia & Pacific (excluding high income),EAP,59.698267984663,41.8628610785128,20.7291989315862,19.7059055631714,18.7719193786452,17.8761919671512,17.0579410001599,16.3344857252983,15.6331227925518,15.0230155746663,14.4374606072178,..
"Mortality rate, under-5 (per 1,000 live births)",SH.DYN.MORT,East Asia & Pacific (IDA & IBRD countries),TEA,59.8816483057264,41.6075334766505,20.671482285786,19.6557669110089,18.7291843651589,17.8377906393829,17.0224369723367,16.3018631216965,15.6012536567847,14.9943514268934,14.4111626881669,..
"Mortality rate, under-5 (per 1,000 live births)",SH.DYN.MORT,Euro area,EMU,9.58104149113019,5.80159877126056,3.99125658472835,3.94222662117069,3.90116547500088,3.85977845167865,3.83450034153545,3.82954015143197,3.78984140136118,3.72408496339854,3.715279393819,..
"Mortality rate, under-5 (per 1,000 live births)",SH.DYN.MORT,Europe & Central Asia,ECS,30.7,21.2,10.8,10.3,9.9,9.4,9,8.6,8.3,7.9,7.6,..
"Mortality rate, under-5 (per 1,000 live births)",SH.DYN.MORT,Europe & Central Asia (excluding high income),ECA,47.3534716121208,35.9260941077653,16.394743936872,15.5340128141909,14.7248011236984,13.9459720540876,13.1742739845044,12.5065234326503,11.8969579631065,11.3440778641416,10.8342236143715,..
"Mortality rate, under-5 (per 1,000 live births)",SH.DYN.MORT,Europe & Central Asia (IDA & IBRD countries),TEC,44.1928765535117,33.3626777155317,15.5165499479673,14.7227193106068,13.9664108192138,13.2380915363465,12.5065383653209,11.8764851004111,11.3009520201892,10.7826456216959,10.312943985077,..
"Mortality rate, under-5 (per 1,000 live births)",SH.DYN.MORT,European Union,EUU,12.2787088790988,7.1404962785636,4.5434398229192,4.43995383903814,4.34140914467944,4.25504053492753,4.16558307119134,4.11076378897559,4.0314665881217,3.94337629619665,3.90929483196613,..
"Mortality rate, under-5 (per 1,000 live births)",SH.DYN.MORT,Fragile and conflict affected situations,FCS,168.911150131847,140.054075585706,94.3027899388731,91.8602327468156,89.5602955087348,87.2895423921879,85.1323622891332,82.6667301971219,80.4849360556806,78.2934708972083,76.0703410360662,..
"Mortality rate, under-5 (per 1,000 live births)",SH.DYN.MORT,Heavily indebted poor countries (HIPC),HPC,181.28106993514,144.45624553147,86.3421897541004,82.8330637395788,79.6428616627261,76.715913255611,73.7316892612767,71.1157811663722,68.6508829788221,66.3584906627618,64.1262855579407,..
"Mortality rate, under-5 (per 1,000 live births)",SH.DYN.MORT,High income,HIC,12.4,7.8,5.6,5.5,5.4,5.3,5.2,5.1,5,5,4.9,..
"Mortality rate, under-5 (per 1,000 live births)",SH.DYN.MORT,IBRD only,IBD,78.1671716863031,58.0416510466409,31.1110308959911,29.4171362846052,27.8909345203616,26.4635022895445,25.2562132160021,24.0464653861239,22.9250438094517,21.97230431939,21.0849396184306,..
"Mortality rate, under-5 (per 1,000 live births)",SH.DYN.MORT,IDA & IBRD total,IBT,101.747127638138,82.7781251013348,51.3185422986086,49.4781069155864,47.8046331081853,46.2421144647101,44.7860713722195,43.3441432617196,42.0339189023995,40.8305581764997,39.6722848598454,..
"Mortality rate, under-5 (per 1,000 live births)",SH.DYN.MORT,IDA blend,IDB,154.142230775263,135.075626902251,97.7887890574797,95.7435839612912,93.8489725964542,92.0261185161531,90.1709435330267,88.1894458077172,86.0743459023712,83.9300109864685,81.6917727072819,..
"Mortality rate, under-5 (per 1,000 live births)",SH.DYN.MORT,IDA only,IDX,166.407838681062,128.528100165508,77.8243119897184,75.0059119621304,72.3711329645411,69.9023469497982,67.3419383263648,64.913001731939,62.8594569281262,60.8516987179288,58.9344683075434,..
"Mortality rate, under-5 (per 1,000 live births)",SH.DYN.MORT,IDA total,IDA,162.310183244498,130.700803852311,84.6428590030446,82.1025464434427,79.7310986263987,77.488613930551,75.1691376659718,72.8873053432128,70.8020402512627,68.733570596021,66.6906533104747,..
"Mortality rate, under-5 (per 1,000 live births)",SH.DYN.MORT,Late-demographic dividend,LTE,50.2562665282676,33.5370066825158,14.4959933941329,13.6860026801519,12.9445190768832,12.20938903584,11.6604873405907,10.992336665129,10.4499571080963,9.96841842000211,9.50615444338176,..
"Mortality rate, under-5 (per 1,000 live births)",SH.DYN.MORT,Latin America & Caribbean,LCN,54.8,33.2,19.9,19.3,18.7,18.3,18.3,17.5,17.1,16.6,16.2,..
"Mortality rate, under-5 (per 1,000 live births)",SH.DYN.MORT,Latin America & Caribbean (excluding high income),LAC,57.442515344428,34.5306723862669,20.3836718350568,19.7126877830839,19.1107295555552,18.5020549506911,18.3018017680264,17.4891495661364,16.9794773915124,16.4681102027346,16.0396161611311,..
"Mortality rate, under-5 (per 1,000 live births)",SH.DYN.MORT,Latin America & the Caribbean (IDA & IBRD countries),TLA,55.3940738601657,33.52594199724,20.0409130908069,19.43581948401,18.895389986524,18.3838235465349,18.4555768127069,17.6866680132912,17.1993865891095,16.7098620895769,16.2995396352307,..
"Mortality rate, under-5 (per 1,000 live births)",SH.DYN.MORT,Least developed countries: UN classification,LDC,175.273120492489,135.49341066813,80.6951794493858,77.4706150645053,74.5998138437276,72.0240888047679,69.3151293548081,66.9523109409083,64.7764625248741,62.6734430209425,60.654624288249,..
"Mortality rate, under-5 (per 1,000 live births)",SH.DYN.MORT,Low & middle income,LMY,102.611860218521,83.4561418507478,51.6773109621731,49.8110285026443,48.1138951359858,46.5270698696527,45.0319639923813,43.5743925033037,42.2500505670934,41.0333853188238,39.8623003138375,..
"Mortality rate, under-5 (per 1,000 live births)",SH.DYN.MORT,Low income,LIC,185.3,145.2,87.7,84.5,81.6,78.7,75.7,72.8,70.5,68.2,66,..
"Mortality rate, under-5 (per 1,000 live births)",SH.DYN.MORT,Lower middle income,LMC,119.9,93.2,58.7,56.7,54.7,52.9,51.2,49.5,47.9,46.4,44.9,..
"Mortality rate, under-5 (per 1,000 live births)",SH.DYN.MORT,Middle East & North Africa,MEA,65.5,42.9,26.7,26.4,25.7,24.9,24.2,22.9,22.5,21.9,21.3,..
"Mortality rate, under-5 (per 1,000 live births)",SH.DYN.MORT,Middle East & North Africa (excluding high income),MNA,68.8812662356904,46.0000674745,28.774285872221,28.4026334513165,27.7279490836729,26.8849519968172,26.0963245366448,24.7156389048135,24.292281522714,23.6969294092121,23.0443446349577,..
"Mortality rate, under-5 (per 1,000 live births)",SH.DYN.MORT,Middle East & North Africa (IDA & IBRD countries),TMN,69.1914087110744,46.2765149794806,28.9038235951583,28.5331225294815,27.8562904121924,27.0071869614705,26.2153414278058,24.8208649137754,24.4009155244419,23.8050063067236,23.1512216859262,..
"Mortality rate, under-5 (per 1,000 live births)",SH.DYN.MORT,Middle income,MIC,92.4592274512907,73.0837790092023,44.5505671074456,42.8617739128147,41.3276082953757,39.9057777295588,38.619574675021,37.3530590311253,36.1300909032223,35.0399202674077,33.9900652840203,..
"Mortality rate, under-5 (per 1,000 live births)",SH.DYN.MORT,North America,NAC,11,8.3,7,6.8,6.8,6.7,6.6,6.5,6.4,6.3,6.2,..
"Mortality rate, under-5 (per 1,000 live births)",SH.DYN.MORT,Not classified,INX,..,..,..,..,..,..,..,..,..,..,..,..
"Mortality rate, under-5 (per 1,000 live births)",SH.DYN.MORT,OECD members,OED,22.0417508444905,13.6962088202989,8.43802038707238,8.18927744134387,7.963288990231,7.74857866630195,7.53409180274751,7.34586448077228,7.12651705883346,6.92712383286045,6.75725893674202,..
"Mortality rate, under-5 (per 1,000 live births)",SH.DYN.MORT,Other small states,OSS,96.0286002670341,89.555343914983,59.0580482039068,57.2275580276529,55.938327111039,54.3097203714978,52.5053939922381,51.1418690318608,49.6413831480777,48.2352792793804,46.8476163871024,..
"Mortality rate, under-5 (per 1,000 live births)",SH.DYN.MORT,Pacific island small states,PSS,35.7942656217854,27.9848083941606,26.2263701563733,25.9412331342439,25.5908640997723,25.3153059887302,25.0221724396363,24.7568180711747,24.488869649648,24.1914896709899,23.8577795341635,..
"Mortality rate, under-5 (per 1,000 live births)",SH.DYN.MORT,Post-demographic dividend,PST,10.7559792301244,7.30170526907774,5.41592437344106,5.30681684094328,5.20183868453305,5.12275130160584,5.04391802910892,4.97596474025319,4.89630881252993,4.81846232625345,4.75145969887785,..
"Mortality rate, under-5 (per 1,000 live births)",SH.DYN.MORT,Pre-demographic dividend,PRE,184.576513540857,153.395912185245,97.2946067373135,94.2391625822485,91.5126398060269,89.0008434158039,86.4009720323467,83.9719247280692,81.5124941338914,79.0811306200588,76.6572090511702,..
"Mortality rate, under-5 (per 1,000 live births)",SH.DYN.MORT,Small states,SST,80.0967046353115,74.5507997357102,51.3908046259698,49.9195838977434,48.8631259001876,47.5342170454195,46.064865967664,44.9376559289199,43.6949899155341,42.5793084309326,41.3572018280002,..
"Mortality rate, under-5 (per 1,000 live births)",SH.DYN.MORT,South Asia,SAS,129.9,93.3,56.4,53.8,51.3,48.8,46.5,44.3,42.2,40.3,38.5,..
"Mortality rate, under-5 (per 1,000 live births)",SH.DYN.MORT,South Asia (IDA & IBRD),TSA,129.891846379664,93.3005611064036,56.4505486202599,53.7938634856463,51.2704157464394,48.8172268142106,46.5154335843471,44.2860639814543,42.1457797258993,40.271213934654,38.485531435748,..
"Mortality rate, under-5 (per 1,000 live births)",SH.DYN.MORT,Sub-Saharan Africa,SSF,179.3,150.9,93.8,90.7,87.9,85.4,82.8,80.4,78,75.6,73.3,..
"Mortality rate, under-5 (per 1,000 live births)",SH.DYN.MORT,Sub-Saharan Africa (excluding high income),SSA,179.031481509934,150.820026354058,93.7937706564885,90.651095619304,87.8754128287334,85.3451660307811,82.7252841480547,80.3243051875879,77.9214443691991,75.580595266402,73.279714053786,..
"Mortality rate, under-5 (per 1,000 live births)",SH.DYN.MORT,Sub-Saharan Africa (IDA & IBRD countries),TSS,179.019386869475,150.812368540857,93.7900116928456,90.6475609216158,87.8720768438985,85.3420040679912,82.7222902015978,80.3214694102347,77.9187646186541,75.5780720435392,73.2773383857184,..
"Mortality rate, under-5 (per 1,000 live births)",SH.DYN.MORT,Upper middle income,UMC,51.8,35.1,16.5,15.6,14.8,14.1,13.5,12.8,12.2,11.7,11.2,..
"Mortality rate, under-5 (per 1,000 live births)",SH.DYN.MORT,World,WLD,93.2,75.8,47.2,45.5,44,42.6,41.3,40,38.8,37.7,36.6,..
,,,,,,,,,,,,,,,
,,,,,,,,,,,,,,,
,,,,,,,,,,,,,,,
Data from database: World Development Indicators,,,,,,,,,,,,,,,
Last Updated: 06/30/2022,,,,,,,,,,,,,,,
